"airportName","state","aid","airportCode"
"LAGUARDIA NY","New York",1,"none"
"DALLAS/FORT WORTH INTL ARPT","Texas",2,"none"
"LAKEFRONT AIRPORT","Louisiana",3,"none"
"SEATTLE-TACOMA INTL","Washington",4,"none"
"NORFOLK INTL","Virginia",5,"none"
"GUAYAQUIL/S BOLIVAR","N/A",6,"none"
"NEW CASTLE COUNTY","Delaware",7,"none"
"WASHINGTON DULLES INTL ARPT","DC",8,"none"
"ATLANTA INTL","Georgia",9,"none"
"ORLANDO SANFORD INTL AIRPORT","Florida",10,"none"
"ONTARIO INTL ARPT","California",11,"none"
"CHICAGO O'HARE INTL ARPT","Illinois",12,"none"
"GROTON-NEW LONDON AR","Connecticut",13,"none"
"SPIRIT OF ST LOUIS","Missouri",14,"none"
"THEODORE FRANCIS GREEN STATE","Rhode Island",15,"none"
"KANSAS CITY INTL","Missouri",16,"none"
"LIHUE ARPT","Hawaii",17,"none"
"PHOENIX SKY HARBOR","Arizona",18,"none"
"NASHVILLE INTL","Tennessee",19,"none"
"JIM HAMILTON L B OWENS ARPT","South Carolina",20,"none"
"SOUTHWEST FLORIDA INTL ARPT","Florida",21,"none"
"ABERDEEN REGIONAL AR","South Dakota",22,"none"
"NEWARK LIBERTY INTL ARPT","New Jersey",23,"none"
"ASPEN-PITKIN CO/SARD","Colorado",24,"none"
"ROCHESTER INTL","Minnesota",25,"none"
"MINNEAPOLIS-ST PAUL INTL","Minnesota",26,"none"
"PUEBLO MEMORIAL ARPT","Colorado",27,"none"
"WESTCHESTER COUNTY ARPT","New York",28,"none"
"BIRMINGHAM-SHUTTLESWORTH INTL","Alabama",29,"none"
"TAHITI FAAA","N/A",30,"none"
"ORLANDO INTL","Florida",31,"none"
"MYRTLE BEACH INTL","South Carolina",32,"none"
"LAFAYETTE REGIONAL (LA)","Louisiana",33,"none"
"CLEVELAND-HOPKINS INTL ARPT","Ohio",34,"none"
"SAN FRANCISCO INTL ARPT","California",35,"none"
"CENTRAL WISCONSIN ARPT","Wisconsin",36,"none"
"BARKSDALE AIR FORCE BASE ARPT","Louisiana",37,"none"
"DETROIT METRO WAYNE COUNTY ARPT","Michigan",38,"none"
"TOLEDO EXPRESS ARPT","Ohio",39,"none"
"METRO OAKLAND INTL","California",40,"none"
"BEVERLY MUNICIPAL ARPT","Massachusetts",41,"none"
"TED STEVENS ANCHORAGE INTL","Alaska",42,"none"
"CHARLOTTE/DOUGLAS INTL ARPT","North Carolina",43,"none"
"CINCINNATI/NORTHERN KENTUCKY INTL ARPT","Kentucky",44,"none"
"GREATER PEORIA REGIONAL ARPT","Illinois",45,"none"
"INDIANAPOLIS INTL","Indiana",46,"none"
"LOUISVILLE INTL ARPT","Kentucky",47,"none"
"PORTLAND INTL (OR)","Oregon",48,"none"
"STEWART INTL AIRPORT","New York",49,"none"
"LOS ANGELES INTL","California",50,"none"
"BURKE LAKEFRONT","Ohio",51,"none"
"PHILADELPHIA INTL","Pennsylvania",52,"none"
"CAPITAL CITY (MI)","Michigan",53,"none"
"CAPITAL (BEIJING)","N/A",54,"none"
"PEASE INTL TRADEPORT","New Hampshire",55,"none"
"SAVANNAH INTL","Georgia",56,"none"
"HILO INTL ARPT","Hawaii",57,"none"
"FORT LAUDERDALE/HOLLYWOOD INTL","Florida",58,"none"
"DALLAS LOVE FIELD ARPT","Texas",59,"none"
"LOGAN INTL","Massachusetts",60,"none"
"DENVER INTL AIRPORT","Colorado",61,"none"
"KALAMAZOO/BATTLE CREEK INTL","Michigan",62,"none"
"GERALD R FORD INTL","Michigan",63,"none"
"FORT SMITH MUNICIPAL ARPT","Arkansas",64,"none"
"MCCARREN INTL","Nevada",65,"none"
"HESLER-NOBLE FIELD ARPT","Mississippi",66,"none"
"PENSACOLA REGIONAL","Florida",67,"none"
"BALTIMORE WASH INTL","Maryland",68,"none"
"LAURENCE G HANSCOM","Massachusetts",69,"none"
"PANAMA CITY - BAY COUNTY INTL","Florida",70,"none"
"SUVA FIJI","N/A",71,"none"
"OXNARD ARPT","California",72,"none"
"MORRISTOWN MUNICIPAL ARPT","New Jersey",73,"none"
"TRENTON MERCER ARPT","New Jersey",74,"none"
"TETERBORO AIRPORT","New Jersey",75,"none"
"SANFORD REGIONAL ARPT","Maine",76,"none"
"MEMPHIS INTL","Tennessee",77,"none"
"GREATER ROCHESTER INTL","New York",78,"none"
"SAINT HUBERT","Quebec",79,"none"
"RALEIGH-DURHAM INTL","North Carolina",80,"none"
"DUPAGE AIRPORT","Illinois",81,"none"
"ROANOKE REGIONAL","Virginia",82,"none"
"","Louisiana",83,"none"
"EL PASO INTL ARPT","Texas",84,"none"
"PALM BEACH INTL","Florida",85,"none"
"LEWISTON-NEZ PERCE CO ARPT","Idaho",86,"none"
"BLOOMINGTON/NORMAL","Illinois",87,"none"
"INDIANAPOLIS REGIONAL ARPT","Indiana",88,"none"
"JACKSON EVERS INTL","Mississippi",89,"none"
"VANCOUVER INTL","British Columbia",90,"none"
"LEHIGH VALLEY INTL","Pennsylvania",91,"none"
"SALT LAKE CITY INTL","Utah",92,"none"
"QUAD CITY ARPT","Illinois",93,"none"
"PORT COLUMBUS INTL","Ohio",94,"none"
"EPPLEY AIRFIELD","Nebraska",95,"none"
"BOB HOPE ARPT","California",96,"none"
"GENERAL MITCHELL INTL","Wisconsin",97,"none"
"FRESNO YOSEMITE INTL","California",98,"none"
"UNIVERSITY PARK ARPT","Pennsylvania",99,"none"
"COLORADO SPRINGS MUNICIPAL","Colorado",100,"none"
"FORT WAYNE INTL","Indiana",101,"none"
"KEARNEY MUNICIPAL","Nebraska",102,"none"
"TOCUMEN INTL","N/A",103,"none"
"WATERLOO REGIONAL ARPT","Iowa",104,"none"
"SANTO DOMINGO/LAS AM","N/A",105,"none"
"ALBANY INTL","New York",106,"none"
"SACRAMENTO INTL","California",107,"none"
"JOHN F KENNEDY INTL","New York",108,"none"
"BUFFALO-NIAGARA INTL","New York",109,"none"
"AUSTIN STRAUBEL INTL","Wisconsin",110,"none"
"DES MOINES INTL","Iowa",111,"none"
"WAUKEGAN REGIONAL ARPT","Illinois",112,"none"
"RONALD REAGAN WASHINGTON NATL","DC",113,"none"
"CHARLESTON AFB/INTL ARPT","South Carolina",114,"none"
"LOVELL FIELD ARPT","Tennessee",115,"none"
"JAMES M COX DAYTON INTL","Ohio",116,"none"
"PUERTO VALLARTA","N/A",117,"none"
"ALBUQUERQUE INTL","New Mexico",118,"none"
"MIAMI INTL","Florida",119,"none"
"JOSLIN FIELD - MAGIC VALLEY REGIONAL","Idaho",120,"none"
"GREATER PITTSBURGH","Pennsylvania",121,"none"
"TROY MUNICIPAL ARPT","Alabama",122,"none"
"SHEPPARD AIR FORCE BASE","Texas",123,"none"
"NEW ORLEANS INTL","Louisiana",124,"none"
"LAMBERT-ST LOUIS INTL","Missouri",125,"none"
"MINISTRO PISTARINI","N/A",126,"none"
"BRACKETT FIELD ARPT","California",127,"none"
"HOUSTON-HOBBY","Texas",128,"none"
"GEORGE BUSH INTERCONTINENTAL","Texas",129,"none"
"RENTON MUNICIPAL ARPT","Washington",130,"none"
"THE EASTERN IOWA ARPT","Iowa",131,"none"
"NORTH BEND MUNICIPAL","Oregon",132,"none"
"HARRISBURG INTL","Pennsylvania",133,"none"
"SANTA BARBARA MUNICIPAL","California",134,"none"
"BRADLEY INTL","Connecticut",135,"none"
"SAN DIEGO INTL","California",136,"none"
"YEAGER ARPT","West Virginia",137,"none"
"CHICAGO MIDWAY INTL ARPT","Illinois",138,"none"
"CHARLES DE GAULLE","N/A",139,"none"
"ARDMORE MUNICIPAL","Oklahoma",140,"none"
"SARASOTA-BRADENTON","Florida",141,"none"
"MONTREAL/PIERRE-ELLIOTT-TRUDEAU INTL","Quebec",142,"none"
"TALLAHASSEE REGIONAL","Florida",143,"none"
"UNALASKA ARPT","Alaska",144,"none"
"FULTON COUNTY ARPT - BROWN FIELD","Georgia",145,"none"
"GOLDEN TRIANGLE REGIONAL","Mississippi",146,"none"
"GULFPORT BILOXI REGIONAL","Mississippi",147,"none"
"MINETA SAN JOSE INTL","California",148,"none"
"HUNTSVILLE INTL","Alabama",149,"none"
"JAMESTOWN REGIONAL","North Dakota",150,"none"
"AIRBORNE AIRPARK","Ohio",151,"none"
"EVANSVILLE REGIONAL","Indiana",152,"none"
"SPOKANE INTERNATIONAL","Washington",153,"none"
"SMITH REYOLDS ARPT","North Carolina",154,"none"
"LITTLE RIVER ARPT","California",155,"none"
"CONCORD REGIONAL ARPT","North Carolina",156,"none"
"AMARILLO INTL","Texas",157,"none"
"COBB COUNTY ARPT-MC COLLUM FIELD","Georgia",158,"none"
"DANBURY MUNICIPAL ARPT","Connecticut",159,"none"
"RALPH WIEN MEMORIAL ARPT","Alaska",160,"none"
"COLUMBUS MUNICIPAL ARPT (IN)","Indiana",161,"none"
"VAN NUYS ARPT","California",162,"none"
"AUSTIN-BERGSTROM INTL","Texas",163,"none"
"OAKLAND/TROY ARPT","Michigan",164,"none"
"BURLINGTON INTL","Vermont",165,"none"
"KODIAK AIRPORT","Alaska",166,"none"
"NAPA COUNTY ARPT","California",167,"none"
"EXECUTIVE ARPT","Florida",168,"none"
"WHITEMAN AIRPORT","California",169,"none"
"SCHOLES INTL ARPT AT GALVESTON","Texas",170,"none"
"ADAMS FIELD ARPT","Arkansas",171,"none"
"MONTGOMERY FIELD ARPT","California",172,"none"
"PHOENIX DEER VALLEY ARPT","Arizona",173,"none"
"SKYLARK FIELD","Texas",174,"none"
"GREATER BINGHAMTON ARPT","New York",175,"none"
"KLEBERG COUNTY ARPT","Texas",176,"none"
"JOPLIN REGIONAL","Missouri",177,"none"
"JONESBORO MUNICIPAL ARPT","Arkansas",178,"none"
"HONOLULU INTL ARPT","Hawaii",179,"none"
"EGLIN AFB/NW FLORIDA REGIONAL ARPT","Florida",180,"none"
"SIOUX GATEWAY ARPT","Iowa",181,"none"
"SAN ANTONIO INTL","Texas",182,"none"
"VALLEY INTL","Texas",183,"none"
"JACKSON HOLE","Wyoming",184,"none"
"JOHN WAYNE AIRPORT","California",185,"none"
"DILLINGHAM AIRFIELD","Hawaii",186,"none"
"SHREVEPORT REGIONAL","Louisiana",187,"none"
"MCMINN COUNTY ARPT","Tennessee",188,"none"
"CUYAHOGA COUNTY ARPT","Ohio",189,"none"
"MANCHESTER AIRPORT","New Hampshire",190,"none"
"PORTLAND INTL JETPORT (ME)","Maine",191,"none"
"JEFFERSON CITY MEMORIAL ARPT","Missouri",192,"none"
"NW ARKANSAS REGIONAL","Arkansas",193,"none"
"WICHITA MID-CONTINENT ARPT","Kansas",194,"none"
"TYLER POUNDS FIELD","Texas",195,"none"
"ADDISON","Texas",196,"none"
"OWENSBORO-DAVIESS","Kentucky",197,"none"
"ATLANTIC CITY INTL","New Jersey",198,"none"
"LONG ISLAND MAC ARTHUR","New York",199,"none"
"ELLINGTON FIELD ARPT","Texas",200,"none"
"LANCASTER ARPT (PA)","Pennsylvania",201,"none"
"AQUASCALIENTES","N/A",202,"none"
"NORTHEAST PHILADELPHIA ARPT","Pennsylvania",203,"none"
"LINCOLN MUNICIPAL","Nebraska",204,"none"
"SAN CARLOS ARPT","California",205,"none"
"IGOR I SIKORSKY MEMORIAL","Connecticut",206,"none"
"MORGANTOWN MUNICIPAL ARPT","West Virginia",207,"none"
"SITKA ROCKY GUTIERREZ ARPT","Alaska",208,"none"
"GAINESVILLE REG ARPT","Florida",209,"none"
"TRI-CITIES REGIONAL TN/VA ARPT","Tennessee",210,"none"
"ALLEGHENY COUNTY ARPT","Pennsylvania",211,"none"
"JACKSONVILLE INTL","Florida",212,"none"
"PIERRE REGIONAL ARPT","South Dakota",213,"none"
"NEWPORT NEWS/WILLIAMSBURG INTL","Virginia",214,"none"
"MANLEY HOT SPRINGS ARPT","Alaska",215,"none"
"RICHMOND INTL","Virginia",216,"none"
"KISSIMMEE GATEWAY ARPT","Florida",217,"none"
"VERO BEACH MUNICIPAL","Florida",218,"none"
"WAYNE MUNICIPAL ARPT","Nebraska",219,"none"
"ROCK SPRINGS-SWEETWATER CO","Wyoming",220,"none"
"LA CROSSE MUNICIPAL AIRPORT","Wisconsin",221,"none"
"RICHARD LLOYD JONES JR ARPT","Oklahoma",222,"none"
"HEWANORRA ST LUCIA","N/A",223,"none"
"BUTLER COUNTY REGIONAL","Ohio",224,"none"
"SPRINGFIELD-BRANSON NATIONAL","Missouri",225,"none"
"ABRAHAM LINCOLN CAPITAL ARPT","Illinois",226,"none"
"BUCHOLZ AAF MARSHALL","Prince Edward Island",227,"none"
"CENTRAL NEBRASKA REGIONAL","Nebraska",228,"none"
"TAMPA INTL","Florida",229,"none"
"WORCESTER REGIONAL","Massachusetts",230,"none"
"MEMORIAL FIELD","Arkansas",231,"none"
"KAHULUI ARPT","Hawaii",232,"none"
"SANTIAGO INTL","N/A",233,"none"
"OAKLAND COUNTY INTL","Michigan",234,"none"
"JOHN C TUNE ARPT","Tennessee",235,"none"
"FORT LAUDERDALE EXECUTIVE ARPT","Florida",236,"none"
"L F WADE INTL ARPT","N/A",237,"none"
"MELBOURNE INTL","Florida",238,"none"
"BISMARCK MUNICIPAL ARPT","North Dakota",239,"none"
"MINOT INTL AIRPORT","North Dakota",240,"none"
"SLIDELL AIRPORT","Louisiana",241,"none"
"WALLBLAKE","N/A",242,"none"
"GREAT FALLS INTL","Montana",243,"none"
"BRAINERD-CROW WING","Minnesota",244,"none"
"BLUE GRASS ARPT","Kentucky",245,"none"
"ROGUE VALLEY INTL","Oregon",246,"none"
"STUTTGART MUNICIPAL ARPT","Arkansas",247,"none"
"LAWTON-FORT SILL REGIONAL ARPT","Oklahoma",248,"none"
"YAMPA VALLEY","Colorado",249,"none"
"COLONEL JAMES JABARA ARPT","Kansas",250,"none"
"MIDLAND INTL","Texas",251,"none"
"MALCOLM MCKINNON ARPT","Georgia",252,"none"
"MILLARD ARPT","Nebraska",253,"none"
"ROCK COUNTY","Wisconsin",254,"none"
"MARTIN STATE ARPT","Maryland",255,"none"
"BUCHANAN FLD","California",256,"none"
"BOIRE FIELD","New Hampshire",257,"none"
"VALDOSTA REGIONAL","Georgia",258,"none"
"MANASSAS REGIONAL ARPT","Virginia",259,"none"
"ERIE INTL","Pennsylvania",260,"none"
"CINCINNATI MUNI ARPT-LUNKEN FIELD","Ohio",261,"none"
"SACRAMENTO MATHER ARPT","California",262,"none"
"LUIS MUNOZ MARIN INTL -SAN JUAN","Puerto Rico",263,"none"
"MOLOKAI ARPT","Hawaii",264,"none"
"MCGHEE TYSON ARPT","Tennessee",265,"none"
"ST. PETERSBURG/CLEARWATER INTL","Florida",266,"none"
"GRANT COUNTY ARPT","Washington",267,"none"
"TORONTO/LESTER B. PEARSON INTL","Ontario",268,"none"
"DANE COUNTY REGIONAL ARPT-TRUAX FLD","Wisconsin",269,"none"
"EDWARD G PITKA SR ARPT","Alaska",270,"none"
"UNIV OF ILLINOIS -WILLARD ARPT","Illinois",271,"none"
"ELKO REGIONAL ARPT","Nevada",272,"none"
"DEKALB-PEACHTREE ARPT","Georgia",273,"none"
"CHICAGO EXECUTIVE ARPT","Illinois",274,"none"
"FLORENCE REGIONAL","South Carolina",275,"none"
"NORWOOD MEMORIAL ARPT","Massachusetts",276,"none"
"LIVERMORE MUNICIPAL ARPT","California",277,"none"
"ROCKY MOUNT WILSON RGNL ARPT","North Carolina",278,"none"
"TULSA INTL","Oklahoma",279,"none"
"BATON ROUGE METRO","Louisiana",280,"none"
"WILLOUGHBY LOST NATION MUNI ARPT","Ohio",281,"none"
"WILKES-BARRE/SCRANTON INTL","Pennsylvania",282,"none"
"HENDERSON FIELD","Prince Edward Island",283,"none"
"FALLS INTL ARPT","Minnesota",284,"none"
"LUBBOCK INTL","Texas",285,"none"
"AUGUSTA STATE","Maine",286,"none"
"WILMINGTON INTL","North Carolina",287,"none"
"JUNEAU INTL ARPT","Alaska",288,"none"
"RENO TAHOE INTL","Nevada",289,"none"
"ST AUGUSTINE","Florida",290,"none"
"MONTGOMERY REGIONAL ARPT","Alabama",291,"none"
"PORTLAND-HILLSBORO ARPT","Oregon",292,"none"
"PANGBORN MEMORIAL","Washington",293,"none"
"TRI-CITIES","Washington",294,"none"
"PURDUE UNIV ARPT","Indiana",295,"none"
"DAYTONA BEACH INTL","Florida",296,"none"
"EASTERWOOD FIELD AIRPORT","Texas",297,"none"
"MANAGUA INTL ARPT","N/A",298,"none"
"HENRY E ROHLSEN ARPT","Virgin Islands",299,"none"
"IMPERIAL COUNTY ARPT","California",300,"none"
"KLAMATH FALLS INTL","Oregon",301,"none"
"FAIRBANKS INTL ARPT","Alaska",302,"none"
"EUGENIO MARIA DE HOSTOS ARPT","Puerto Rico",303,"none"
"MISSOULA INTL ARPT","Montana",304,"none"
"DUBUQUE REGIONAL ARPT","Iowa",305,"none"
"SAND POINT ARPT","Alaska",306,"none"
"MONETT MUNICIPAL ARPT","Missouri",307,"none"
"WATERBURY-OXFORD ARPT","Connecticut",308,"none"
"AKRON-CANTON MUNICIPAL","Ohio",309,"none"
"READING REGIONAL","Pennsylvania",310,"none"
"COLUMBUS METRO","Georgia",311,"none"
"NANTUCKET MEMORIAL","Massachusetts",312,"none"
"ROCKY MOUNTAIN METROPOLITAN ARPT","Colorado",313,"none"
"COLUMBIA METRO","South Carolina",314,"none"
"WILLIAMSPORT","Pennsylvania",315,"none"
"BUSH FLD","Georgia",316,"none"
"INDIANAPOLIS METROPOLITAN ARPT","Indiana",317,"none"
"BISHOP INTL FLINT","Michigan",318,"none"
"BELLINGHAM INTL","Washington",319,"none"
"BETZ ARPT","Michigan",320,"none"
"NOGALES INTL ARPT","Arizona",321,"none"
"TOKYO INTL","N/A",322,"none"
"GANDER INTL","Newfoundland and Labrador",323,"none"
"GOSHEN MUNICIPAL ARPT","Indiana",324,"none"
"ADAMS COUNTY- LEGION FIELD","Wisconsin",325,"none"
"HAMILTON MUNICIPAL ARPT","New York",326,"none"
"FALCON FIELD ARPT","Arizona",327,"none"
"KAPALUA ARPT","Hawaii",328,"none"
"BROWNSVL/SO PADRE IS","Texas",329,"none"
"GUAM INTL ARPT","Prince Edward Island",330,"none"
"CHESTER COUNTY G O CARLSON ARPT","Pennsylvania",331,"none"
"SNOHOMISH CO (PAINE FIELD)","Washington",332,"none"
"ST. LUCIE COUNTY INTL ARPT","Florida",333,"none"
"MEACHAM FT WORTH","Texas",334,"none"
"GRAND JUNCTION REGIONAL ARPT","Colorado",335,"none"
"IDAHO FALLS REGIONAL ARPT","Idaho",336,"none"
"MBS INTL","Michigan",337,"none"
"REPUBLIC AIRPORT","New York",338,"none"
"CAPITAL CITY ARPT (PA)","Pennsylvania",339,"none"
"GREENVILLE-SPARTANBURG INTL","South Carolina",340,"none"
"ASHEVILLE REGIONAL ARPT","North Carolina",341,"none"
"ST LOUIS DOWNTOWN","Illinois",342,"none"
"MOBILE DOWNTOWN ARPT","Alabama",343,"none"
"PULLMAN-MOSCOW REGIONAL","Washington",344,"none"
"GENERAL ESCOBEDO INTL","N/A",345,"none"
"MCNARY FLD ARPT","Oregon",346,"none"
"BOWMAN FIELD","Kentucky",347,"none"
"PIEDMONT TRIAD INTL","North Carolina",348,"none"
"FLOYD BENNETT MEMORIAL","New York",349,"none"
"PU DONG INTL ARPT","N/A",350,"none"
"AMSTERDAM SCHIPHOL","N/A",351,"none"
"WEST BEND MUNICIPAL ARPT","Wisconsin",352,"none"
"GREATER ROCKFORD","Illinois",353,"none"
"GRAND CANYON WEST","Arizona",354,"none"
"KEY WEST INTL ARPT","Florida",355,"none"
"EPHRAIM- FISH CREEK","Wisconsin",356,"none"
"NUT TREE AIRPORT","California",357,"none"
"SACRAMENTO EXECUTIVE ARPT","California",358,"none"
"MONTEREY PENINSULA","California",359,"none"
"JOE FOSS FIELD ARPT","South Dakota",360,"none"
"CHEYENNE REGIONAL ARPT","Wyoming",361,"none"
"TRI-STATE MILTON FERGUSON","West Virginia",362,"none"
"CYRIL E KING ARPT","Virgin Islands",363,"none"
"LONG BEACH-DAUGH FLD","California",364,"none"
"ABILENE REGIONAL ARPT","Texas",365,"none"
"TEXARKANA-WEBB FIELD","Arkansas",366,"none"
"INDIRA GANDHI INTL","N/A",367,"none"
"HAMILTON","Ontario",368,"none"
"WILL ROGERS WORLD ARPT","Oklahoma",369,"none"
"LEBANON MUNICIPAL ARPT","New Hampshire",370,"none"
"GRAND FORKS INTL","North Dakota",371,"none"
"HILTON HEAD ISLAND","South Carolina",372,"none"
"WILLOW RUN ARPT","Michigan",373,"none"
"GROSSE ILE MUNICIPAL ARPT","Michigan",374,"none"
"LAKELAND LINDER REGIONAL","Florida",375,"none"
"SHEREMETYEVO INTL","N/A",376,"none"
"CIUDAD DEL ESTE GARCIA","N/A",377,"none"
"SOUTH BEND REGIONAL","Indiana",378,"none"
"OUTAGAMIE COUNTY REGIONAL","Wisconsin",379,"none"
"MAHLON SWEET FLD","Oregon",380,"none"
"QUONSET STATE ARPT","Rhode Island",381,"none"
"CLARK INTL","N/A",382,"none"
"SOUTHWEST GEORGIA REGIONAL ARPT","Georgia",383,"none"
"EASTERN WEST VIRGINIA REGIONAL ARPT","West Virginia",384,"none"
"BOEING FIELD K C INT","Washington",385,"none"
"SAIPAN INTL","Prince Edward Island",386,"none"
"WILLIAMSON COUNTY REGIONAL","Illinois",387,"none"
"CENTENNIAL ARPT","Colorado",388,"none"
"WALLA WALLA REGIONAL","Washington",389,"none"
"JIM HOGG COUNTY AROT","Texas",390,"none"
"HAWTHORNE MUNICIPAL ARPT","California",391,"none"
"PETALUMA MUNICIPAL ARPT","California",392,"none"
"SONOMA COUNTY ARPT","California",393,"none"
"LANAI ARPT","Hawaii",394,"none"
"TUCSON INTL","Arizona",395,"none"
"JOHNSON COUNTY EXECUTIVE ARPT","Kansas",396,"none"
"ROSWELL INTL AIR CENTER","New Mexico",397,"none"
"ALBERT J ELLIS","North Carolina",398,"none"
"NEW TOKYO INTL","N/A",399,"none"
"HECTOR INTERNATIONAL","North Dakota",400,"none"
"SCHENECTADY COUNTY","New York",401,"none"
"LONDON-LUTON ARPT","N/A",402,"none"
"PUNTA CANA INTL","N/A",403,"none"
"DILLANT-HOPKINS ARPT","New Hampshire",404,"none"
"SALISBURY-WICOMICO","Maryland",405,"none"
"CORPUS CHRISTI INTL ARPT","Texas",406,"none"
"MONROE REGIONAL ARPT","Louisiana",407,"none"
"BARNSTABLE MUNICIPAL","Massachusetts",408,"none"
"ROBERTSON FIELD","Connecticut",409,"none"
"MODESTO CITY-COUNTY","California",410,"none"
"YELLOWSTONE ARPT","Montana",411,"none"
"DEER PARK ARPT","Washington",412,"none"
"SANGSTER INTL","N/A",413,"none"
"ZELIENOPLE MUNICIPAL","Pennsylvania",414,"none"
"LORAIN COUNTY REGIONAL ARPT","Ohio",415,"none"
"CECIL ARPT","Florida",416,"none"
"BOLTON FIELD ARPT","Ohio",417,"none"
"ST LOUIS REGIONAL","Illinois",418,"none"
"EASTON/NEWMAN FIELD ARPT","Maryland",419,"none"
"CHERRY CAPITAL ARPT","Michigan",420,"none"
"ST. PAUL DOWNTOWN ARPT","Minnesota",421,"none"
"OSCEOLA MUNICIPAL ARPT","Arkansas",422,"none"
"YELLOWSTONE REGIONAL","Wyoming",423,"none"
"DURANGO-LA PLATA CO","Colorado",424,"none"
"SELAWICK ARPT","Alaska",425,"none"
"WALLOPS FLIGHT FACILITY","Virginia",426,"none"
"OHIO STATE UNIVERSITY","Ohio",427,"none"
"SHEBOYGAN COUNTY MEMORIAL ARPT","Wisconsin",428,"none"
"SITKA (SPB)","Alaska",429,"none"
"THIEF RIVER FALLS REGIONAL","Minnesota",430,"none"
"YAKUTAT ARPT","Alaska",431,"none"
"MANCHESTER ENGLAND","N/A",432,"none"
"MARSHALL ISLANDS INTL ARPT","Prince Edward Island",433,"none"
"SYRACUSE HANCOCK INTL","New York",434,"none"
"MERCEDITA ARPT","Puerto Rico",435,"none"
"ORMOND BEACH MUNICIPAL ARPT","Florida",436,"none"
"MONTROSE REGIONAL ARPT","Colorado",437,"none"
"HELENA REGIONAL","Montana",438,"none"
"MOBILE REGIONAL","Alabama",439,"none"
"PALM SPRINGS INTL","California",440,"none"
"DE KALB TAYLOR MUNICIPAL ARPT","Illinois",441,"none"
"EVANSTON-UINTA COUNTY BURNS FIELD","Wyoming",442,"none"
"JESSE VIERTEL MEMORIAL ARPT","Missouri",443,"none"
"MCCLELLAN-PALOMAR","California",444,"none"
"EL SALVADOR INTL","N/A",445,"none"
"MC CLELLAN AIRFIELD","California",446,"none"
"WAYNE COUNTY","Ohio",447,"none"
"CHINO AIRPORT","California",448,"none"
"MILANO MALPENSA","N/A",449,"none"
"MIDDLE GEORGIA REGIONAL","Georgia",450,"none"
"COMPTON/WOODLEY ARPT","California",451,"none"
"YOUNGSTOWN-WARREN RGNL ARPT","Ohio",452,"none"
"RANGE REGIONAL ARPT","Minnesota",453,"none"
"EL MONTE ARPT","California",454,"none"
"ALLENTOWN QUEEN CITY MUNICIPAL","Pennsylvania",455,"none"
"SUGAR LAND REGIONAL ARPT","Texas",456,"none"
"NORTHEASTERN REGIONAL","North Carolina",457,"none"
"LINDEN AIRPORT","New Jersey",458,"none"
"MADRID-BARAJAS","N/A",459,"none"
"ELMIRA/CORNING MUNICIPAL","New York",460,"none"
"MANHATTAN REGIONAL","Kansas",461,"none"
"SCOTT CITY MUNICIPAL ARPT","Kansas",462,"none"
"CHILLICOTHE MUNICIPAL ARPT","Missouri",463,"none"
"PLYMOUTH MUNICIPAL ARPT (MA)","Massachusetts",464,"none"
"BOISE AIR TERMINAL/GOWEN FIELD","Idaho",465,"none"
"ANOKA COUNTY-BLAINE","Minnesota",466,"none"
"HAGERSTOWN REGIONAL","Maryland",467,"none"
"USAF ACADEMY BULLSEYE AUX AIRSTRIP","Colorado",468,"none"
"GLASGOW INTL/WOKAL FIELD","Montana",469,"none"
"MONMOUTH EXECUTIVE ARPT","New Jersey",470,"none"
"QUEBEC/JEAN LESAGE INTL","Quebec",471,"none"
"ELK GROVE ARPT","California",472,"none"
"LAKE CHARLES REGIONAL","Louisiana",473,"none"
"WINDHAM ARPT","Connecticut",474,"none"
"HUNTINGBURG ARPT","Indiana",475,"none"
"DUTCHESS COUNTY ARPT","New York",476,"none"
"FERANDINA BEACH MUNICIPAL ARPT","Florida",477,"none"
"HOBBY FIELD ARPT","Oregon",478,"none"
"CAPE MAY COUNTY ARPT","New Jersey",479,"none"
"SALINA MUNICIPAL","Kansas",480,"none"
"BETHEL ARPT","Alaska",481,"none"
"GLADEWATER MUNICIPAL ARPT","Texas",482,"none"
"CALI/VALLE","N/A",483,"none"
"CANCUN INTL","N/A",484,"none"
"OCONEE COUNTY REGIONAL ARPT","South Carolina",485,"none"
"KETCHIKAN INTL ARPT","Alaska",486,"none"
"TWEED-NEW HAVEN ARPT","Connecticut",487,"none"
"GALLATIN FIELD ARPT","Montana",488,"none"
"PINAL AIRPARK","Arizona",489,"none"
"MARTHAS VINEYARD","Massachusetts",490,"none"
"BROOKINGS MUNICIPAL ARPT","South Dakota",491,"none"
"EAST HAMPTON ARPT","New York",492,"none"
"NATRONA COUNTY INTL","Wyoming",493,"none"
"FINDLAY ARPT","Ohio",494,"none"
"ROGERS MUNICIPAL ARPT-CARTER FIELD","Arkansas",495,"none"
"FULLERTON MUNICIPAL ARPT","California",496,"none"
"ST CLAIR COUNTY INTL ARPT","Michigan",497,"none"
"KINGS LAND O' LAKES ARPT","Wisconsin",498,"none"
"RAPID CITY REGIONAL","South Dakota",499,"none"
"AURORA MUNICIPAL ARPT","Illinois",500,"none"
"RICKENBACKER INTL","Ohio",501,"none"
"SANTIAGO CIBAO INTL","N/A",502,"none"
"NORTH CENTRAL WEST VIRGINIA ARPT","West Virginia",503,"none"
"KONGIGANAK ARPT","Alaska",504,"none"
"WESTERLY STATE ARPT","Rhode Island",505,"none"
"CAPE GIRARDEAU MUNICIPAL","Missouri",506,"none"
"KALAELOA ARPT JOHN RODGERS FIELD","Hawaii",507,"none"
"JUAN SANTAMARIA INTL","N/A",508,"none"
"ERNEST A LOVE FIELD","Arizona",509,"none"
"SANTA FE DE BOGOTA","N/A",510,"none"
"KENDALL-TAMIAMI EXECUTIVE ARPT","Florida",511,"none"
"GRAND RAPIDS/ITASCA COUNTY ARPT","Minnesota",512,"none"
"ADDINGTON FIELD ARPT","Kentucky",513,"none"
"WILLMAR MUNICIPAL","Minnesota",514,"none"
"MC ALLEN MILLER INTL","Texas",515,"none"
"PALESTINE MUNICIPAL ARPT","Texas",516,"none"
"WHEELER-SACK ARMY AIRFIELD","New York",517,"none"
"CLEVELAND MUNICIPAL ARPT","Mississippi",518,"none"
"DEMOPOLIS MUNICIPAL ARPT","Alabama",519,"none"
"NEW CENTURY AIRCENTER ARPT","Kansas",520,"none"
"FORT DODGE REGIONAL","Iowa",521,"none"
"ARNOLD PALMER REGIONAL","Pennsylvania",522,"none"
"BRANSON ARPT","Missouri",523,"none"
"LAREDO INTL","Texas",524,"none"
"FRIDAY HARBOR ARPT","Washington",525,"none"
"WENDOVER ARPT","Utah",526,"none"
"ROBT L BRADSHAW INTL","N/A",527,"none"
"ALTOONA-BLAIR COUNTY","Pennsylvania",528,"none"
"REDDING MUNICIPAL","California",529,"none"
"BILLINGS LOGAN INTL","Montana",530,"none"
"PHOENIX-MESA GATEWAY","Arizona",531,"none"
"COLD BAY ARPT","Alaska",532,"none"
"RAFAEL HERNANDEZ ARPT","N/A",533,"none"
"DELTA COUNTY ARPT","Michigan",534,"none"
"BOWERMAN ARPT","Washington",535,"none"
"KEY FLD","Mississippi",536,"none"
"BELLEVILLE MUNICIPAL","Kansas",537,"none"
"MONROE COUNTY","Indiana",538,"none"
"COLUMBIA REGIONAL","Missouri",539,"none"
"FORT WORTH SPINKS ARPT","Texas",540,"none"
"PUNTA GORDA ARPT","Florida",541,"none"
"DULUTH INTL ARPT","Minnesota",542,"none"
"WILLIAM B HEILIG FIELD","Nebraska",543,"none"
"PHOENIX GOODYEAR ARPT","Arizona",544,"none"
"JAMES CLEMENTS MUNICIPAL ARPT","Michigan",545,"none"
"ALEXANDRIA INTL","Louisiana",546,"none"
"GARY CHICAGO INTL","Indiana",547,"none"
"CAPE COD COAST GUARD AIR STATION","Massachusetts",548,"none"
"GREENVILLE DOWNTOWN ARPT","South Carolina",549,"none"
"RIO VISTA MUNICIPAL ARPT","California",550,"none"
"ELIZABETHTON MUNICIPAL ARPT","Tennessee",551,"none"
"PRYOR FIELD REGIONAL ARPT","Alabama",552,"none"
"DANIEL ODUBER QUIROS INTL","N/A",553,"none"
"CHARLES B WHEELER DOWNTOWN ARPT","Missouri",554,"none"
"KUNSAN","N/A",555,"none"
"TEHACHAPI MUNICIPAL ARPT","California",556,"none"
"BARKLEY REGIONAL ARPT","Kentucky",557,"none"
"JACQUELINE COCHRAN REGIONAL ARPT","California",558,"none"
"BARROW COUNTY ARPT","Georgia",559,"none"
"HAYWARD EXECUTIVE ARPT","California",560,"none"
"TUPELO MUNICIPAL","Mississippi",561,"none"
"MIDDLETON MUNI MOREY FIELD","Wisconsin",562,"none"
"FIUMICINO ARPT","N/A",563,"none"
"WACO REGIONAL ARPT","Texas",564,"none"
"LIEGE ARPT","N/A",565,"none"
"CHESTERFIELD COUNTY ARPT","Virginia",566,"none"
"CASTLE ARPT","California",567,"none"
"SKAGIT REGIONAL","Washington",568,"none"
"SIMON BOLIVAR INTL","N/A",569,"none"
"MERRILL FIELD ARPT","Alaska",570,"none"
"GRAND CANYON NATIONAL","Arizona",571,"none"
"LA ROMANA INTL","N/A",572,"none"
"REID-HILLVIEW ARPT OF SANTA CLARA CNTY","California",573,"none"
"BERZ-MACOMB ARPT","Michigan",574,"none"
"FLYING CLOUD ARPT","Minnesota",575,"none"
"SOUTHWEST MINNESOTA REGIONAL ARPT","Minnesota",576,"none"
"BEMIDJI REGIONAL ARPT","Minnesota",577,"none"
"SPENCER MUNICIPAL AIRPORT","Iowa",578,"none"
"GREATER PORTSMOUTH REGIONAL ARPT","Ohio",579,"none"
"TOMPKINS COUNTY ARPT","New York",580,"none"
"GREGG COUNTY ARPT","Texas",581,"none"
"GREENBRIER VALLEY ARPT","West Virginia",582,"none"
"WILEY POST ARPT","Oklahoma",583,"none"
"VIRU VIRU INTL","N/A",584,"none"
"ERNESTO CORTISSOZ","N/A",585,"none"
"LIMA ALLEN COUNTY","Ohio",586,"none"
"MERLE K (MUDHOLE) SMITH ARPT","Alaska",587,"none"
"SOUTHWEST MICHIGAN REGIONAL","Michigan",588,"none"
"TACOMA NARROWS ARPT","Washington",589,"none"
"MATHIS FIELD (TX)","Texas",590,"none"
"GREENWOOD MUNICIPAL ARPT","Indiana",591,"none"
"PIARCO TRINIDAD","N/A",592,"none"
"FAIRMONT MUNICIPAL ARPT","Minnesota",593,"none"
"LA AURORA","N/A",594,"none"
"NAPLES MUNICIPAL","Florida",595,"none"
"HOUSTON GULF ARPT","Texas",596,"none"
"MORAN FIELD ARPT","Maryland",597,"none"
"MASON COUNTY ARPT (MI)","Michigan",598,"none"
"PUERTO PLATA INTL","N/A",599,"none"
"ASHTABULA COUNTY","Ohio",600,"none"
"COLEMAN A YOUNG MUNICIPAL ARPT","Michigan",601,"none"
"MANSFIELD LAHM MUNICIPAL","Ohio",602,"none"
"LYNDEN PINDLING INTL ARPT","N/A",603,"none"
"HERLONG ARPT","Florida",604,"none"
"CAPT FEAR REGIONAL JETPORT","North Carolina",605,"none"
"CARRABELLE-THOMPSON","Florida",606,"none"
"FRANCIS S GABRESKI ARPT","New York",607,"none"
"HAWKINS ARPT","Missouri",608,"none"
"HEMET-RYAN ARPT","California",609,"none"
"CUBA MUNICIPAL ARPT","Missouri",610,"none"
"PAGE FIELD ARPT","Florida",611,"none"
"MERRILL C MEIGS ARPT","Illinois",612,"none"
"LOS CABOS INTL","N/A",613,"none"
"DECATUR ARPT","Illinois",614,"none"
"TERRE HAUTE INTL ARPT-HULMAN FIELD","Indiana",615,"none"
"TOLUCA/LIC ADOLFO","N/A",616,"none"
"CHARLOTTESVILLE-ALBEMARLE ARPT","Virginia",617,"none"
"ELKHART MUNICIPAL ARPT","Indiana",618,"none"
"KINSTON REGL JETPORT","North Carolina",619,"none"
"SIGONELLA","N/A",620,"none"
"MT PLEASANT MUNICIPAL ARPT","Michigan",621,"none"
"LIBERAL MUNICIPAL","Kansas",622,"none"
"NORFOLK REGIONAL ARPT","Nebraska",623,"none"
"ESSEX COUNTY AIRPORT","New Jersey",624,"none"
"DANVILLE REGIONAL ARPT","Virginia",625,"none"
"COLUMBUS MUNICIPAL ARPT (NE)","Nebraska",626,"none"
"GUANAJUATO DEL BAJIO INTL","N/A",627,"none"
"SAN LUIS COUNTY REGIONAL ARPT","California",628,"none"
"PALMDALE REGIONAL ARPT","California",629,"none"
"STOCKTON METRO","California",630,"none"
"GUNNISON COUNTY","Colorado",631,"none"
"LLANO MUNICIPAL ARPT","Texas",632,"none"
"CHARLOTTE-MONROE  EXECUTIVE ARPT","North Carolina",633,"none"
"OWEN ROBERTS INTL","N/A",634,"none"
"W K KELLOGG ARPT","Michigan",635,"none"
"FORT WORTH ALLIANCE","Texas",636,"none"
"ALBERT WHITTED","Florida",637,"none"
"STELLAR AIRPARK","Arizona",638,"none"
"DESTIN-FORT WALTON BEACH ARPT","Florida",639,"none"
"CALGARY INTL","Alberta",640,"none"
"DELAWARE COUNTY REGIONAL ARPT","Indiana",641,"none"
"YAKIMA AIR TERMINAL","Washington",642,"none"
"RALEIGH EXEC JETPORT AT SANFORD-LEE CNTY ARPT","North Carolina",643,"none"
"DAVID'S ARPT","Michigan",644,"none"
"BUFFALO AIRFIELD ARPT","New York",645,"none"
"HAWKINS FIELD ARPT","Mississippi",646,"none"
"ASHE COUNTY","North Carolina",647,"none"
"NORTH PLATTE REGIONAL","Nebraska",648,"none"
"GATWICK - LONDON","N/A",649,"none"
"CLARK COUNTY REGIONAL ARPT (IN)","Indiana",650,"none"
"TIANJIN (CHINA)","N/A",651,"none"
"BENITO JUAREZ INTL","N/A",652,"none"
"KENT STATE UNIVERSITY","Ohio",653,"none"
"CORTEZ MUNICIPAL ARPT","Colorado",654,"none"
"SANTA MARIA PUBLIC","California",655,"none"
"SANTA FE MUNICIPAL","New Mexico",656,"none"
"MANITOWOC COUNTY ARPT","Wisconsin",657,"none"
"LAKE HAVASU CITY ARPT","Arizona",658,"none"
"BARNES MUNICIPAL ARPT","Massachusetts",659,"none"
"FORD ARPT","Michigan",660,"none"
"PROVO MUNICIPAL ARPT","Utah",661,"none"
"FOUR CORNERS REGIONAL","New Mexico",662,"none"
"DELAND MUNICIPAL ARPT","Florida",663,"none"
"FORBES FIELD AIRPORT","Kansas",664,"none"
"H L SONNY CALLAHAN ARPT","Alabama",665,"none"
"WM FAIRCHILD INTL ARPT","Washington",666,"none"
"MID-DELTA REGIONAL","Mississippi",667,"none"
"ANN ARBOR MUNICIPAL","Michigan",668,"none"
"TSTC WACO","Texas",669,"none"
"ST. CLOUD REGIONAL","Minnesota",670,"none"
"FAYETTVILLE MUNICIPAL","North Carolina",671,"none"
"BESSEMER ARPT","Alabama",672,"none"
"BRENNER FIELD ARPT","Nebraska",673,"none"
"ANNISTON METROPOLITAN ARPT","Alabama",674,"none"
"COZUMEL MEXICO","N/A",675,"none"
"BLOCK ISLAND STATE","Rhode Island",676,"none"
"CLEARVIEW AIRPARK","Maryland",677,"none"
"MUIR ARMY AIRFIELD","Pennsylvania",678,"none"
"LAKE IN THE HILLS","Illinois",679,"none"
"LOUISA COUNTY ARPT/FREEMAN FLD","Virginia",680,"none"
"MEADOW LAKE ARPT","Colorado",681,"none"
"JOHN F KENNEDY MEMORIAL","Wisconsin",682,"none"
"TYONEK ARPT","Alaska",683,"none"
"PEARLAND REGIONAL ARPT","Texas",684,"none"
"HURON REGIONAL ARPT","South Dakota",685,"none"
"NORTH LAS VEGAS","Nevada",686,"none"
"SOUTHBRIDGE MUNICIPAL ARPT","Massachusetts",687,"none"
"LARAMIE REGIONAL","Wyoming",688,"none"
"HAMILTON ISLAND","N/A",689,"none"
"JOHNSTON ATOLL ARPT","Prince Edward Island",690,"none"
"ROSEAU MUNI ARPT/RUDY BILLBERG FLD","Minnesota",691,"none"
"GAINESVILLE MUNICIPAL ARPT","Texas",692,"none"
"LITCHFIELD MUNICIPAL","Illinois",693,"none"
"GRIFFING SANDUSKY ARPT","Ohio",694,"none"
"PUT IN BAY","Ohio",695,"none"
"WALDRONAIRE ARPT","Washington",696,"none"
"SANTA MONICA MUNICIPAL","California",697,"none"
"GREATER KANKAKEE ARPT","Illinois",698,"none"
"GREELEY-WELD COUNTY ARPT","Colorado",699,"none"
"ST. GEORGE  ARPT (AK)","Alaska",700,"none"
"WORTHINGTON MUNICIPAL ARPT","Minnesota",701,"none"
"BEAVER COUNTY ARPT","Pennsylvania",702,"none"
"OHIO UNIVERSITY ARPT","Ohio",703,"none"
"WINGS FIELD ARPT","Pennsylvania",704,"none"
"RIVERTON REGIONAL","Wyoming",705,"none"
"GILLETTE CAMPBELL CO","Wyoming",706,"none"
"EDWARDS AIR FORCE BASE","California",707,"none"
"EMMONAK ARPT","Alaska",708,"none"
"BANGOR INTL","Maine",709,"none"
"CHESTER ARPT","Connecticut",710,"none"
"LYNCHBURG REGIONAL","Virginia",711,"none"
"SPACE COAST REGIONAL","Florida",712,"none"
"SIDNEY MUNICIPAL AR[T","Nebraska",713,"none"
"PAGO PAGO INTL","Prince Edward Island",714,"none"
"GNOSS FIELD ARPT","California",715,"none"
"SCOTTSDALE ARPT","Arizona",716,"none"
"GARDEN CITY REGIONAL","Kansas",717,"none"
"INCHEON INTL","N/A",718,"none"
"PAGE MUNICIPAL","Arizona",719,"none"
"MILLVILLE MUNICIPAL ARPT","New Jersey",720,"none"
"ROSTRAVER","Pennsylvania",721,"none"
"MCCORD FIELD ARPT","Washington",722,"none"
"DYERSBURG REGIONAL ARPT","Tennessee",723,"none"
"ARCATA AIRPORT","California",724,"none"
"T B LETTSOME INTL","N/A",725,"none"
"ORCAS ISLAND ARPT","Washington",726,"none"
"OLYMPIA ARPT","Washington",727,"none"
"ATHENS/BEN EPPS ARPT","Georgia",728,"none"
"FREEPORT INTL","N/A",729,"none"
"SAWYER INTL","Michigan",730,"none"
"PORT-AU-PRINCE INTL","N/A",731,"none"
"BIG PINEY-MARBLETON","Wyoming",732,"none"
"DEADHORSE ARPT","Alaska",733,"none"
"OGDEN-HINCKLEY ARPT","Utah",734,"none"
"MIDDLE BASS-EAST POINT","Ohio",735,"none"
"MEADOWS FIELD ARPT","California",736,"none"
"NEWTOK ARPT","Alaska",737,"none"
"LT WARREN EATON ARPT","New York",738,"none"
"DAVID WAYNE HOOKS MEMORIAL ARPT","Texas",739,"none"
"HOUSTON-SOUTHWEST ARPT","Texas",740,"none"
"MANKATO REGIONAL ARPT","Minnesota",741,"none"
"PETERSBURG JAMES A JOHNSON ARPT","Alaska",742,"none"
"MUSKEGON COUNTY ARPT","Michigan",743,"none"
"CREVE COEUR ARPT","Missouri",744,"none"
"FLAGSTAFF PULLIAM","Arizona",745,"none"
"ADIRONDAK REGIONAL ARPT","New York",746,"none"
"OCEAN CITY MUNICIPAL  ARPT (MD)","Maryland",747,"none"
"AUBURN-LEWISTON MUNICIPAL","Maine",748,"none"
"CARROLL COUNTY-TOLSON ARPT","Ohio",749,"none"
"MIAMI COUNTY ARPT","Kansas",750,"none"
"INCIRLIK AIR BASE","N/A",751,"none"
"CAMARILLO","California",752,"none"
"RYAN FIELD ARPT","Arizona",753,"none"
"ORANJESTAD/REINA BEA","N/A",754,"none"
"BELIZE INTERNATIONAL ARPT","N/A",755,"none"
"MANDAN MUNICIPAL","North Dakota",756,"none"
"CHICO MUNICIPAL ARPT","California",757,"none"
"DUBOIS REGIONAL ARPT","Pennsylvania",758,"none"
"LEESBURG EXECUTIVE ARPT","Virginia",759,"none"
"PORTLAND-TROUTDALE ARPT","Oregon",760,"none"
"HOUSTON MEMORIAL ARPT","Missouri",761,"none"
"BARCELONA ARPT","N/A",762,"none"
"SHREVEPORT DOWNTOWN ARPT","Louisiana",763,"none"
"MELVILLE HALL AIRPORT","N/A",764,"none"
"LENAWEE COUNTY ARPT","Michigan",765,"none"
"DOUBLE EAGLE II ARPT","New Mexico",766,"none"
"CEDAR MILLS","Texas",767,"none"
"PRICE COUNTY ARPT","Wisconsin",768,"none"
"HATTIESBURG-LAUREL","Mississippi",769,"none"
"SOUTHERN ILLINOIS","Illinois",770,"none"
"ROLLA NATIONAL ARPT","Missouri",771,"none"
"RUTLAND STATE ARPT","Vermont",772,"none"
"ALBERT LEA MUNICIPAL ARPT","Minnesota",773,"none"
"MOUNT HAWLEY","Illinois",774,"none"
"FRENCH LICK MUNICIPAL ARPT","Indiana",775,"none"
"QUINCY REGIONAL ARPT - BALDWIN FLD","Illinois",776,"none"
"SPRINGFIELD BECKLEY MUNICIPAL","Ohio",777,"none"
"PROVIDENCIALES INTL","N/A",778,"none"
"ANDERSON REGIONAL","South Carolina",779,"none"
"OCEAN REEF CLUB","Florida",780,"none"
"MANSFIELD MUNICIPAL","Massachusetts",781,"none"
"CHIPPEWA COUNTY INTL ARPT","Michigan",782,"none"
"CHEFORNAK ARPT","Alaska",783,"none"
"MARCO ISLAND ARPT","Florida",784,"none"
"SALINAS MUNICIPAL ARPT","California",785,"none"
"SUNDANCE AIRPARK","Oklahoma",786,"none"
"HUSLIA ARPT","Alaska",787,"none"
"JASPER COUNTY ARPT-BELL FIELD","Texas",788,"none"
"LAWRENCE MUNICIPAL ARPT (MA)","Massachusetts",789,"none"
"GUADALAJARA, MEXICO","N/A",790,"none"
"ROTA","N/A",791,"none"
"JACK MCNAMARA FLD","California",792,"none"
"COLLIN COUNTY RGNL ARPT AT MCKINNEY","Texas",793,"none"
"COTE D AZUR","N/A",794,"none"
"NORTHAMPTON ARPT","Massachusetts",795,"none"
"FAIRMONT MUNI-FRANKMAN FLD","West Virginia",796,"none"
"KONA INTL ARPT","Hawaii",797,"none"
"BRANDYWINE ARPT","Pennsylvania",798,"none"
"SKYHAVEN","Missouri",799,"none"
"HEATHROW - LONDON","N/A",800,"none"
"WINONA MUNICIPAL ARPT","Minnesota",801,"none"
"CROOKSTON MUNI ARPT-KIRKWOOD FIELD","Minnesota",802,"none"
"SOUTH VALLEY REGIONAL ARPT","Utah",803,"none"
"KICKAPOO DOWNTOWN ARPT","Texas",804,"none"
"LAKE HOOD (SPB)","Alaska",805,"none"
"CLINTON COUNTY ARPT","New York",806,"none"
"MADISONVILLE MUNICIPAL","Kentucky",807,"none"
"MASSEY RANCH AIRPARK","Florida",808,"none"
"ROBT J MILLER AIR PARK","New Jersey",809,"none"
"PETER O KNIGHT ARPT","Florida",810,"none"
"PALM BEACH COUNTY PARK ARPT","Florida",811,"none"
"VENANGO REGIONAL","Pennsylvania",812,"none"
"FRIEDMAN MEMORIAL","Idaho",813,"none"
"SOUTHWEST WASHINGTON REGIONAL ARPT","Washington",814,"none"
"RIVERSIDE MUNICIPAL ARPT","California",815,"none"
"ISLESBORO","Maine",816,"none"
"IOWA FALLS MUNICIPAL ARPT","Iowa",817,"none"
"FELTS FIELD ARPT","Washington",818,"none"
"DENTON MUNICIPAL ARPT","Texas",819,"none"
"MARIANNA MUNICIPAL ARPT","Florida",820,"none"
"COLOGNE-BONN","N/A",821,"none"
"MCCOOK MUNICIPAL ARPT","Nebraska",822,"none"
"KANSAI INTL","N/A",823,"none"
"BAIYUN AIRPORT","N/A",824,"none"
"HANCOCK COUNTY-BAR HARBOR","Maine",825,"none"
"FERGUS FALLS MUNICIPAL ARPT","Minnesota",826,"none"
"ANKENY REGIONAL","Iowa",827,"none"
"BAUDETTE INTL ARPT","Minnesota",828,"none"
"DALLAS EXECUTIVE ARPT","Texas",829,"none"
"MURFREESBORO MUNICIPAL ARPT","Tennessee",830,"none"
"SPRINGERVILLE MUNICIPAL","Arizona",831,"none"
"LAUGHLIN BULLHEAD INTL","Arizona",832,"none"
"UNIV OF OKLAHOMA WESTHEIMER ARPT","Oklahoma",833,"none"
"TREVISO ARPT","N/A",834,"none"
"OGDENSBURG INTL ARPT","New York",835,"none"
"PINE MOUNTAIN LAKE ARPT","California",836,"none"
"VIRACOPOS-CAMPINAS INTL ARPT","N/A",837,"none"
"FRONT RANGE ARPT","Colorado",838,"none"
"HARTFORD-BRAINARD ARPT","Connecticut",839,"none"
"FRANKLIN FIELD ARPT","California",840,"none"
"MUNICH INTL ARPT","N/A",841,"none"
"BOMBAY/MUMBAI","N/A",842,"none"
"PETER PRINCE FIELD ARPT","Florida",843,"none"
"WEST BRANCH COMMUNITY ARPT","Michigan",844,"none"
"KINGMAN","Arizona",845,"none"
"HONG KONG INTL","N/A",846,"none"
"FERIHEGY ARPT","N/A",847,"none"
"MALMO-STURUP ARPT","N/A",848,"none"
"PONCA CITY MUNICIPAL ARPT","Oklahoma",849,"none"
"KNOXVILLE DOWNTOWN ISLAND ARPT","Tennessee",850,"none"
"ONA AIRPARK ARPT","West Virginia",851,"none"
"DANIEL FIELD ARPT","Georgia",852,"none"
"DOVER AIR FORCE BASE","Delaware",853,"none"
"JOHN H BATTEN ARPT","Wisconsin",854,"none"
"BERMUDA DUNES ARPT","California",855,"none"
"MASON CITY MUNICIPAL","Iowa",856,"none"
"TONCONTIN INTL","N/A",857,"none"
"VALENCIA AIRPORT","N/A",858,"none"
"KENAI MUNICIPAL ARPT","Alaska",859,"none"
"GENERAL IGNACIO P GARCIA INTL","N/A",860,"none"
"SUBIC BAY INTL","N/A",861,"none"
"SUNRIVER","Oregon",862,"none"
"ST. LUCIA-VIGIE","N/A",863,"none"
"CHANDLER MUNICIPAL ARPT","Arizona",864,"none"
"JEFFERSON COUNTY INTL","Washington",865,"none"
"MADISON COUNTY ARPT","Ohio",866,"none"
"NEWARK-HEATH ARPT","Ohio",867,"none"
"DODGE CITY REGIONAL ARPT","Kansas",868,"none"
"PALO ALTO ARPT OF SANTA CLARA COUNTY","California",869,"none"
"GRATIOT COMMUNITY","Michigan",870,"none"
"LEIPZIG-HALLE","N/A",871,"none"
"NORTHERN MAINE REGIONAL","Maine",872,"none"
"GREENWOOD LAKE ARPT","New Jersey",873,"none"
"HAYS REGIONAL","Kansas",874,"none"
"CUSTER ARPT","Michigan",875,"none"
"VIENNA INTL","N/A",876,"none"
"M GRAHAM CLARK - TANEY COUNTY ARPT","Missouri",877,"none"
"RAMONA ARPT","California",878,"none"
"KILLEEN/FT HOOD REGIONAL","Texas",879,"none"
"RICHARD I BONG ARPT","Wisconsin",880,"none"
"TRIPLE W ARPT","North Carolina",881,"none"
"WINSTON FIELD ARPT","Texas",882,"none"
"EDWARD F KNAPP STATE ARPT","Vermont",883,"none"
"LEESBURG INTL ARPT","Florida",884,"none"
"ANIMAS AIR PARK","Colorado",885,"none"
"LAKE CITY MUNICIPAL ARPT","Florida",886,"none"
"CRYSTAL ARPT","Minnesota",887,"none"
"FRANKFURT MAIN","N/A",888,"none"
"ST GEORGE MUNICIPAL ARPT","Utah",889,"none"
"SOLDOTNA AIRPORT","Alaska",890,"none"
"GILLESPIE COUNTY","Texas",891,"none"
"MARCH ARB ARPT","California",892,"none"
"HENRI COANDA INTL ARPT","N/A",893,"none"
"BROOKS COUNTY","Texas",894,"none"
"FARMINGTON REGIONAL","Missouri",895,"none"
"MIDDLE PENINSULA REGIONAL ARPT","Virginia",896,"none"
"CLAYTON COUNTY ARPT- TARA FIELD","Georgia",897,"none"
"PATUXENT RIVER NAS","Maryland",898,"none"
"PENANG INTL","N/A",899,"none"
"GENESEE COUNTY ARPT","New York",900,"none"
"GRANTLEY ADAMS BARBA","N/A",901,"none"
"WASHINGTON COUNTY","Pennsylvania",902,"none"
"STANSTEAD-LONDON","N/A",903,"none"
"ANDREWS AIR FORCE BASE","Maryland",904,"none"
"FLAGLER COUNTY ARPT","Florida",905,"none"
"GUARULHOS INTL","N/A",906,"none"
"BERT MOONEY","Montana",907,"none"
"DICKINSON-THEODORE ROOSEVELT RGNL","North Dakota",908,"none"
"JOSE MARIA CORDOVE ARPT","N/A",909,"none"
"FESTUS MEMORIAL ARPT","Missouri",910,"none"
"STUTTGART GERMANY","N/A",911,"none"
"PERRY COUNTY MUNICIPAL","Indiana",912,"none"
"EASTERN OREGON REGIONAL ARPT","Oregon",913,"none"
"DAKAY-YOFF-LEOPOLD SEDAR SENGHOR","N/A",914,"none"
"GLENDALE MUNICIPAL ARPT","Arizona",915,"none"
"FOWLER ARPT","Colorado",916,"none"
"HEBER CITY MUNICIPAL","Utah",917,"none"
"PEARSON FIELD ARPT","Washington",918,"none"
"NORTH PALM BEACH CNTY GEN AVTN","Florida",919,"none"
"RIYAHD AIR BASE","N/A",920,"none"
"LAWRENCE J TIMMERMAN ARPT","Wisconsin",921,"none"
"BOLINGBROOKS CLOW INTL","Illinois",922,"none"
"UGNU-KUPARUK ARPT","Alaska",923,"none"
"WASHINGTON COUNTY MEMORIAL","Kansas",924,"none"
"NOME ARPT","Alaska",925,"none"
"SOUTHEAST TEXAS REGIONAL ARPT","Texas",926,"none"
"MILLINGTON REGIONAL JETPORT ARPT","Tennessee",927,"none"
"DONALDSON CENTER ARPT","South Carolina",928,"none"
"CORDOVA MUNICIPAL ARPT","Alaska",929,"none"
"LIVINGSTON COUNTY SPENCER J HARDY","Michigan",930,"none"
"SCOTT AFB/MIDAMERICA","Illinois",931,"none"
"KIRKSVILLE REGIONAL","Missouri",932,"none"
"FORT COLLINS-LOVELAND","Colorado",933,"none"
"SAN PEDRO SULA LA MESA","N/A",934,"none"
"HOMER ARPT","Alaska",935,"none"
"VALKARIA","Florida",936,"none"
"HANA ARPT","Hawaii",937,"none"
"SEBRING REGIONAL ARPT","Florida",938,"none"
"BAHRAIN INTL","N/A",939,"none"
"HENDERSON CITY-COUNTY ARPT","Kentucky",940,"none"
"CHADRON MUNICIPAL ARPT","Nebraska",941,"none"
"NEW BEDFORD REGIONAL ARPT","Massachusetts",942,"none"
"KIPNUK ARPT","Alaska",943,"none"
"RAS TANAJIB","N/A",944,"none"
"FREDERICK MUNICIPAL ARPT","Maryland",945,"none"
"GRIFFISS INTL","New York",946,"none"
"MANISTEE COUNTY-BLACKER ARPT","Michigan",947,"none"
"MAGNOLIA MUNICIPAL","Arkansas",948,"none"
"ROCK HILL (YORK CO) BRYANT FLD","South Carolina",949,"none"
"MC GUIRE AIR FORCE BASE","New Jersey",950,"none"
"MURTALA MUHAMMED","N/A",951,"none"
"NIAGARA FALLS INTL","New York",952,"none"
"LA CHINITA INTL","N/A",953,"none"
"MCCONNELL AIR FORCE BASE","Kansas",954,"none"
"SAN SALVADOR INTL","N/A",955,"none"
"KIT CARSON COUNTY","Colorado",956,"none"
"TRAVIS AIR FORCE BASE","California",957,"none"
"DOHA INTL","N/A",958,"none"
"WATERTOWN","South Dakota",959,"none"
"NEW SMYRNA BEACH MUNICIPAL ARPT","Florida",960,"none"
"BRITTON MUNICIPAL ARPT SD","South Dakota",961,"none"
"LOGAN-CACHE ARPT","Utah",962,"none"
"ARLINGTON MUNICIPAL ARPT (TX)","Washington",963,"none"
"VISALIA MUNICIPAL ARPT","California",964,"none"
"PHILIP BILLARD MUNICIPAL ARPT","Kansas",965,"none"
"MARSHFIELD MUNI/G HARLOW FLD","Massachusetts",966,"none"
"RUSSELLVILLE REGIONAL ARPT","Arkansas",967,"none"
"COLES COUNTY MEMORIAL ARPT","Illinois",968,"none"
"HARVEY FIELD","Washington",969,"none"
"ZAMPERINI FIELD ARPT","California",970,"none"
"POPLAR BLUFF MUNICIPAL","Missouri",971,"none"
"WAYNESVILLE-ST ROBERT REGIONAL FORNEY FIELD","Missouri",972,"none"
"HERNANDO COUNTY","Florida",973,"none"
"NEWPORT STATE ARPT","Rhode Island",974,"none"
"VANDENBERG ARPT","Florida",975,"none"
"ENTERPRISE MUNICIPAL ARPT","Oregon",976,"none"
"PROVINCETOWN MUNICIPAL ARPT","Massachusetts",977,"none"
"HIGGINSVILLE INDUSTRIAL MUNICIPAL ARPT","Missouri",978,"none"
"NORTH TEXAS REGIONAL ARPT","Texas",979,"none"
"NEVADA COUNTY AIR PARK","California",980,"none"
"HOMESTEAD AIR RESERVE BASE","Florida",981,"none"
"SOUTHEAST IOWA REGIONAL ARPT","Iowa",982,"none"
"CLAREMONT MUNICIPAL ARPT","New Hampshire",983,"none"
"ONTARIO MUNICIPAL ARPT","Oregon",984,"none"
"ELEFTHERIOS VENIZELOS INTL","N/A",985,"none"
"OPA-LOCKA EXECUTIVE ARPT","Florida",986,"none"
"CRAIG MUNICIPAL ARPT","Florida",987,"none"
"WILEY POST-WILL ROGERS MEM","Alaska",988,"none"
"LEE'S SUMMIT MUNICIPAL ARPT","Missouri",989,"none"
"WARSAW MUNICIPAL (IN)","Indiana",990,"none"
"ALPENA COUNTY REG","Michigan",991,"none"
"POMPANO BEACH AIRPARK","Florida",992,"none"
"ODESSA-SCHLEMEYER FIELD ARPT","Texas",993,"none"
"ALLIANCE MUNICIPAL ARPT","Nebraska",994,"none"
"GRANITE FALLS MUNICIPAL ARPT","Minnesota",995,"none"
"WASHINGTON EXECUTIVE ARPT HYDE FIELD","Maryland",996,"none"
"LEA COUNTY REGIONAL ARPT","New Mexico",997,"none"
"OTTAWA/MACDONALD-CARTIER INTL","Ontario",998,"none"
"GREAT BENT MUNICIPAL","Kansas",999,"none"
"DELPHI MUNICIPAL ARPT","Indiana",1000,"none"
"CANYONLANDS FIELD","Utah",1001,"none"
"BRAZORIA COUNTY ARPT","Texas",1002,"none"
"VANCE BRAND ARPT","Colorado",1003,"none"
"MARCO POLO INTL","N/A",1004,"none"
"STILLWATER REGIONAL ARPT","Oklahoma",1005,"none"
"BOLIVAR MUNICIPAL ARPT","Missouri",1006,"none"
"JOHNSTOWN-CAMBRIA","Pennsylvania",1007,"none"
"SHOW LOW REGIONAL ARPT","Arizona",1008,"none"
"BALDWIN COUNTY ARPT","Georgia",1009,"none"
"KALAUPAPA ARPT","Hawaii",1010,"none"
"MERCED MUNICIPAL","California",1011,"none"
"NEWTON CITY/COUNTY ARPT","Kansas",1012,"none"
"PELLSTON REGIONAL","Michigan",1013,"none"
"SPRINGDALE MUNICIPAL ARPT","Arkansas",1014,"none"
"BRUNSWICK GOLDEN ISLES","Georgia",1015,"none"
"SHALZ FIELD ARPT","Kansas",1016,"none"
"DILLINGHAM ARPT","Alaska",1017,"none"
"MESQUITE METRO ARPT","Texas",1018,"none"
"FRANK WILEY FIELD ARPT","Montana",1019,"none"
"GILLESPIE FIELD ARPT","California",1020,"none"
"DELAWARE AIRPARK","Delaware",1021,"none"
"VICKSBURG TALLULAH REGIONAL ARPT","Mississippi",1022,"none"
"WARREN FIELD ARPT","North Carolina",1023,"none"
"IXTAPA-ZIHUATENEJO","N/A",1024,"none"
"WAUKESHA COUNTY ARPT","Wisconsin",1025,"none"
"MOUNT AIRY/SURRY COUNTY ARPT","North Carolina",1026,"none"
"GENERAL WM J FOX AIRFIELD","California",1027,"none"
"ROWAN COUNTY ARPT","North Carolina",1028,"none"
"CINCINNATI-BLUE ASH ARPT","Ohio",1029,"none"
"WATERTOWN MUNICIPAL ARPT","Wisconsin",1030,"none"
"CEDAR CITY REGIONAL","Utah",1031,"none"
"POTSDAM MUNICIPAL ARPT","New York",1032,"none"
"AUBURN-OPELIKA RG PITTS","Alabama",1033,"none"
"SCAMMON BAY AIRPORT","Alaska",1034,"none"
"GEORGETOWN MUNICIPAL ARPT","Texas",1035,"none"
"GALEAO INTL (RIO)","N/A",1036,"none"
"SASKATOON/JOHN G. DIEFENBAKER INTL","Saskatchewan",1037,"none"
"SHELL LAKE MUNICIPAL ARPT","Wisconsin",1038,"none"
"DEVILS LAKE REGIONAL ARPT","North Dakota",1039,"none"
"GWINNER-ROGER MELROE FIELD ARPT","North Dakota",1040,"none"
"SIDNEY-RICHLAND MUNICIPAL ARPT","Montana",1041,"none"
"NORTHWEST FLORIDA BEACHES INTL","Florida",1042,"none"
"BOLINDER FIELD - TOOELE VALLEY ARPT","Utah",1043,"none"
"PRINCEVILLE ARPT","Hawaii",1044,"none"
"CHEVRON USA INC SEAPLANE BASE","Louisiana",1045,"none"
"LAWRENCE MUNICIPAL  ARPT (KS)","Kansas",1046,"none"
"TULIP CITY ARPT","Michigan",1047,"none"
"KNOX COUNTY REGIONAL","Maine",1048,"none"
"GEORGE M BRYAN ARPT","Mississippi",1049,"none"
"HARRISON COUNTY ARPT","Texas",1050,"none"
"HAVRE CITY-COUNTY ARPT","Montana",1051,"none"
"YAZOO COUNTY ARPT","Mississippi",1052,"none"
"EAGLE COUNTY REGIONAL","Colorado",1053,"none"
"STENNIS INTL ARPT","Mississippi",1054,"none"
"PAUL C MILLER-SPARTA ARPT","Michigan",1055,"none"
"MC KELLER FLD ARPT","Tennessee",1056,"none"
"PITT-GREENVILLE ARPT","North Carolina",1057,"none"
"DARE COUNTY REGIONAL ARPT","North Carolina",1058,"none"
"SHENZHEN","N/A",1059,"none"
"TRACY MUNICIPAL ARPT","California",1060,"none"
"HARDY-ANDERS FLD NATCHEZ-ADAMS CNTY","Mississippi",1061,"none"
"GLACIER PARK INTL","Montana",1062,"none"
"DUBLIN INTL ARPT","N/A",1063,"none"
"WAUPACA MUNICIPAL ARPT","Wisconsin",1064,"none"
"NORMAN MANLEY INTL","N/A",1065,"none"
"COLUMBIA GORGE REGIONAL ARPT","Oregon",1066,"none"
"VICTORIA INTL","British Columbia",1067,"none"
"CORPUS CHRISTI NAS/TRUAX FIELD","Texas",1068,"none"
"IMMOKALEE REGIONAL ARPT","Florida",1069,"none"
"CHAUTAUQUA COUNTY/JAMESTOWN ARPT","New York",1070,"none"
"ANIAK AIRPORT","Alaska",1071,"none"
"SHANNON INTL","N/A",1072,"none"
"WATERTOWN INTL ARPT","New York",1073,"none"
"GENERAL RAFAEL BUELNA INTL","N/A",1074,"none"
"DAVIS MONTHAN AIR FORCE BASE","Arizona",1075,"none"
"SHERIDAN COUNTY ARPT","Wyoming",1076,"none"
"BASEL-MULHOUSE-FREIBURG","N/A",1077,"none"
"PALMYRA (COOPER) AIRPORT","Prince Edward Island",1078,"none"
"KENTMORR AIRPARK","Maryland",1079,"none"
"EAGLE CREEK AIRPARK","Indiana",1080,"none"
"MALAGA ARPT","N/A",1081,"none"
"GENERAL ROBERTO FIERRO VILLALOBOS INTL","N/A",1082,"none"
"RICHLAND ARPT","Washington",1083,"none"
"ZURICH","N/A",1084,"none"
"GUSTAVO ROJAS PINILLA INTL ARPT","N/A",1085,"none"
"BOB SIKES ARPT","Florida",1086,"none"
"V C BIRD INTL ARPT","N/A",1087,"none"
"BOULDER CITY MUNICIPAL ARPT","Nevada",1088,"none"
"UKIAH MUNICIPAL ARPT","California",1089,"none"
"WEST PLAINS REGIONAL ARPT","Missouri",1090,"none"
"TUNICA MUNI ARPT","Mississippi",1091,"none"
"RAMSTEIN AIR FORCE BASE","N/A",1092,"none"
"THE FLORIDA KEYS MARATHON","Florida",1093,"none"
"NORTH BIG HORN COUNTY ARPT","Wyoming",1094,"none"
"MACKINAC COUNTY ARPT","Michigan",1095,"none"
"HUTCHINSON MUNICIPAL","Kansas",1096,"none"
"DELAWARE MUNICIPAL ARPT","Ohio",1097,"none"
"GALILEO GALILEI ARPT","N/A",1098,"none"
"MEFFORD FIELD ARPT","California",1099,"none"
"CRAWFORDSVILLE MUNI ARPT","Indiana",1100,"none"
"HICKORY REGIONAL ARPT","North Carolina",1101,"none"
"QUINN FIELD ARPT","Nebraska",1102,"none"
"MONTREAL INTL (MIRABEL)","Quebec",1103,"none"
"PORT GRAHAM ARPT","Alaska",1104,"none"
"MARANA REGIONAL ARPT","Arizona",1105,"none"
"MERRIT ISLAND ARPT","Florida",1106,"none"
"GRAYSON COUNTY ARPT","Kentucky",1107,"none"
"LAKE PALOURDE BASE HELIPORT","Louisiana",1108,"none"
"CULPEPER REGIONAL ARPT","Virginia",1109,"none"
"PRINCESS JULIANA","N/A",1110,"none"
